codice_articolo,nome,prezzo_cent,attivo,quantita_iniziale
MRS-RED-20,Marlboro Rosse 20,650,1,50
MRS-GLD-20,Marlboro Gold 20,650,1,50
MRS-TCH-20,Marlboro Touch 20,620,1,50
MER-BLU-20,Merit Blu 20,620,1,40
CHE-BLU-20,Chesterfield Blue 20,550,1,30
PM-BLU-20,Philip Morris Blue 20,550,1,30
CAM-BLU-20,Camel Blue 20,600,1,40
WIN-BLU-20,Winston Blue 20,550,1,35
LKS-ORG-20,Lucky Strike Original 20,550,1,20
ROTH-BLU-20,Rothmans Blue 20,530,1,25
BH-GOLD-20,Benson & Hedges Gold 20,650,1,20
DIA-BLU-20,Diana Blu 20,530,1,15
MS-ORI-20,MS Originale 20,530,1,20
JPS-BLU-20,JPS Blue 20,540,1,18
GIT-FIL-20,Gitanes Filtre 20,590,1,10
KENT-BLU-20,Kent Blue 20,650,1,12
ELX-BLU-20,Elixyr Blue 20,520,1,10
DUC-RED-20,Ducal Red 20,450,1,8
FUT-BIA-20,Futura Bianca 20,430,1,5
ESSE-BLU-20,Esse Blue 20,520,1,10